{"cameraMode":{"drawMode":0,"name":"Shaded","section":"Shading Mode"},"sceneLighting":true,"audioPlay":false,"sceneViewState":{"showFog":true,"showMaterialUpdate":false,"showSkybox":true,"showFlares":true,"showImageEffects":true,"showParticleSystems":true},"in2DMode":false,"pivot":{"x":0.07573418319225311,"y":1.2675992250442505,"z":-0.22980660200119019},"rotation":{"x":0.1410227119922638,"y":0.11702422052621842,"z":-0.016790706664323808,"w":0.9829257130622864},"size":0.5370558500289917,"orthographic":false}