{"cameraMode":{"drawMode":0,"name":"Shaded","section":"Shading Mode"},"sceneLighting":true,"audioPlay":false,"sceneViewState":{"showFog":false,"showMaterialUpdate":false,"showSkybox":false,"showFlares":false,"showImageEffects":false,"showParticleSystems":false},"in2DMode":false,"pivot":{"x":-0.2792099118232727,"y":0.787171483039856,"z":0.05680721998214722},"rotation":{"x":0.012845559045672417,"y":0.9744941592216492,"z":-0.2168893665075302,"w":0.057355571538209918},"size":2.324347972869873,"orthographic":false}